nodeID,CorePeriphery
0,core
1,core
2,core
3,core
4,core
5,core
6,core
7,core
8,core
9,core
10,core
11,core
12,core
13,core
14,core
15,core
16,core
17,core
18,core
19,core
20,core
21,core
22,core
23,core
24,core
25,core
26,core
27,core
28,core
29,core
30,core
31,core
32,core
33,core
34,core
35,core
36,core
37,core
38,core
39,core
40,core
41,core
42,core
43,core
44,core
45,core
46,core
47,core
48,core
49,core
50,core
51,core
52,core
53,core
54,core
55,core
56,core
57,core
58,core
59,core
60,core
61,core
62,core
63,core
64,core
65,core
66,core
67,core
68,core
69,core
70,core
71,core
72,core
73,core
74,core
75,core
76,core
77,core
78,core
79,core
80,core
81,core
82,core
83,core
84,core
85,core
86,core
87,core
88,core
89,core
90,core
91,core
92,core
93,core
94,core
95,core
96,core
97,core
98,core
99,core
100,core
101,core
102,core
103,core
104,core
105,core
106,core
107,core
108,core
109,core
110,core
111,core
112,core
113,core
114,core
115,core
116,core
117,core
118,core
119,core
120,core
121,core
122,core
123,core
124,core
125,core
126,core
127,core
128,core
129,core
130,core
131,core
132,periphery
133,periphery
134,periphery
135,periphery
136,periphery
137,periphery
138,periphery
139,periphery
140,periphery
141,periphery
142,periphery
143,periphery
144,periphery
145,periphery
146,periphery
147,periphery
148,periphery
149,periphery
150,periphery
151,periphery
152,periphery
153,periphery
154,periphery
155,periphery
156,periphery
157,periphery
158,periphery
159,periphery
160,periphery
161,periphery
162,periphery
163,periphery
164,periphery
165,periphery
166,periphery
167,periphery
168,periphery
169,periphery
170,periphery
171,periphery
172,periphery
173,periphery
174,periphery
175,periphery
176,periphery
177,periphery
178,periphery
179,periphery
180,periphery
181,periphery
182,periphery
183,periphery
184,periphery
185,periphery
186,periphery
187,periphery
188,periphery
189,periphery
190,periphery
191,periphery
192,periphery
193,periphery
194,periphery
195,periphery
196,periphery
197,periphery
198,periphery
199,periphery
200,periphery
201,periphery
202,periphery
203,periphery
204,periphery
205,periphery
206,periphery
207,periphery
208,periphery
209,periphery
210,periphery
211,periphery
212,periphery
213,periphery
214,periphery
215,periphery
216,periphery
217,periphery
218,periphery
219,periphery
220,periphery
221,periphery
222,periphery
223,periphery
224,periphery
225,periphery
226,periphery
227,periphery
228,periphery
229,periphery
230,periphery
231,periphery
232,periphery
233,periphery
234,periphery
235,periphery
236,periphery
237,periphery
238,periphery
239,periphery
240,periphery
241,periphery
242,periphery
243,periphery
244,periphery
245,periphery
246,periphery
247,periphery
248,periphery
249,periphery
250,periphery
251,periphery
252,periphery
253,periphery
254,periphery
255,periphery
256,periphery
257,periphery
258,periphery
259,periphery
260,periphery
261,periphery
262,periphery
263,periphery
264,periphery
265,periphery
266,periphery
267,periphery
268,periphery
269,periphery
270,periphery
271,periphery
272,periphery
273,periphery
274,periphery
275,periphery
276,periphery
277,periphery
278,periphery
279,periphery
280,periphery
281,periphery
282,periphery
283,periphery
284,periphery
285,periphery
286,periphery
287,periphery
288,periphery
289,periphery
290,periphery
291,periphery
292,periphery
293,periphery
294,periphery
295,periphery
296,periphery
297,periphery
298,periphery
299,periphery
300,periphery
301,periphery
302,periphery
303,periphery
304,periphery
305,periphery
306,periphery
307,periphery
308,periphery
309,periphery
310,periphery
311,periphery
312,periphery
313,periphery
314,periphery
315,periphery
316,periphery
317,periphery
318,periphery
319,periphery
320,periphery
321,periphery
322,periphery
323,periphery
324,periphery
325,periphery
326,periphery
327,periphery
328,periphery
329,periphery
330,periphery
331,periphery
332,periphery
333,periphery
334,periphery
335,periphery
336,periphery
337,periphery
338,periphery
339,periphery
340,periphery
341,periphery
342,periphery
343,periphery
344,periphery
345,periphery
346,periphery
347,periphery
348,periphery
349,periphery
350,periphery
351,periphery
352,periphery
353,periphery
354,periphery
355,periphery
356,periphery
357,periphery
358,periphery
359,periphery
360,periphery
361,periphery
362,periphery
363,periphery
364,periphery
365,periphery
366,periphery
367,periphery
368,periphery
369,periphery
370,periphery
371,periphery
372,periphery
373,periphery
374,periphery
375,periphery
376,periphery
377,periphery
378,periphery
379,periphery
380,periphery
381,periphery
382,periphery
383,periphery
384,periphery
385,periphery
386,periphery
387,periphery
388,periphery
389,periphery
390,periphery
391,periphery
392,periphery
393,periphery
394,periphery
395,periphery
396,periphery
397,periphery
398,periphery
399,periphery
400,periphery
401,periphery
402,periphery
403,periphery
404,periphery
405,periphery
406,periphery
407,periphery
408,periphery
409,periphery
410,periphery
411,periphery
412,periphery
413,periphery
414,periphery
415,periphery
416,periphery
417,periphery
418,periphery
419,periphery
420,periphery
421,periphery
422,periphery
423,periphery
424,periphery
425,periphery
426,periphery
427,periphery
428,periphery
429,periphery
430,periphery
431,periphery
432,periphery
433,periphery
434,periphery
435,periphery
436,periphery
437,periphery
438,periphery
439,periphery
440,periphery
441,periphery
442,periphery
443,periphery
444,periphery
445,periphery
446,periphery
447,periphery
448,periphery
449,periphery
450,periphery
451,periphery
452,periphery
453,periphery
454,periphery
455,periphery
456,periphery
457,periphery
458,periphery
459,periphery
460,periphery
461,periphery
462,periphery
463,periphery
464,periphery
465,periphery
466,periphery
467,periphery
468,periphery
469,periphery
470,periphery
471,periphery
472,periphery
473,periphery
474,periphery
475,periphery
476,periphery
477,periphery
478,periphery
479,periphery
480,periphery
481,periphery
482,periphery
483,periphery
484,periphery
485,periphery
486,periphery
487,periphery
488,periphery
489,periphery
490,periphery
491,periphery
492,periphery
493,periphery
494,periphery
495,periphery
496,periphery
497,periphery
498,periphery
499,periphery
500,periphery
501,periphery
502,periphery
503,periphery
504,periphery
505,periphery
506,periphery
507,periphery
508,periphery
509,periphery
510,periphery
511,periphery
512,periphery
513,periphery
514,periphery
515,periphery
516,periphery
517,periphery
518,periphery
519,periphery
520,periphery
521,periphery
522,periphery
523,periphery
524,periphery
525,periphery
526,periphery
527,periphery
528,periphery
529,periphery
530,periphery
531,periphery
532,periphery
533,periphery
534,periphery
535,periphery
536,periphery
537,periphery
538,periphery
539,periphery
540,periphery
541,periphery
542,periphery
543,periphery
544,periphery
545,periphery
546,periphery
547,periphery
548,periphery
549,periphery
550,periphery
551,periphery
552,periphery
553,periphery
554,periphery
555,periphery
556,periphery
557,periphery
558,periphery
559,periphery
560,periphery
561,periphery
562,periphery
563,periphery
564,periphery
565,periphery
566,periphery
567,periphery
568,periphery
569,periphery
570,periphery
571,periphery
572,periphery
573,periphery
574,periphery
575,periphery
576,periphery
577,periphery
578,periphery
579,periphery
580,periphery
581,periphery
582,periphery
583,periphery
584,periphery
585,periphery
586,periphery
587,periphery
588,periphery
589,periphery
590,periphery
591,periphery
592,periphery
593,periphery
594,periphery
595,periphery
596,periphery
597,periphery
598,periphery
599,periphery
600,periphery
601,periphery
602,periphery
603,periphery
604,periphery
605,periphery
606,periphery
607,periphery
608,periphery
609,periphery
610,periphery
611,periphery
612,periphery
613,periphery
614,periphery
615,periphery
616,periphery
617,periphery
618,periphery
619,periphery
620,periphery
621,periphery
622,periphery
623,periphery
624,periphery
625,periphery
626,periphery
627,periphery
628,periphery
629,periphery
630,periphery
631,periphery
632,periphery
633,periphery
634,periphery
635,periphery
636,periphery
637,periphery
638,periphery
639,periphery
640,periphery
641,periphery
642,periphery
643,periphery
644,periphery
645,periphery
646,periphery
647,periphery
648,periphery
649,periphery
650,periphery
651,periphery
652,periphery
653,periphery
654,periphery
655,periphery
656,periphery
657,periphery
658,periphery
659,periphery
660,periphery
661,periphery
662,periphery
663,periphery
664,periphery
665,periphery
666,periphery
667,periphery
668,periphery
669,periphery
670,periphery
671,periphery
672,periphery
673,periphery
674,periphery
675,periphery
676,periphery
677,periphery
678,periphery
679,periphery
680,periphery
681,periphery
682,periphery
683,periphery
684,periphery
685,periphery
686,periphery
687,periphery
688,periphery
689,periphery
690,periphery
691,periphery
692,periphery
693,periphery
694,periphery
695,periphery
696,periphery
697,periphery
698,periphery
699,periphery
700,periphery
701,periphery
702,periphery
703,periphery
704,periphery
705,periphery
706,periphery
707,periphery
708,periphery
709,periphery
710,periphery
711,periphery
712,periphery
713,periphery
714,periphery
715,periphery
716,periphery
717,periphery
718,periphery
719,periphery
720,periphery
721,periphery
722,periphery
723,periphery
724,periphery
725,periphery
726,periphery
727,periphery
728,periphery
729,periphery
730,periphery
731,periphery
732,periphery
733,periphery
734,periphery
735,periphery
736,periphery
737,periphery
738,periphery
739,periphery
740,periphery
741,periphery
742,periphery
743,periphery
744,periphery
745,periphery
746,periphery
747,periphery
748,periphery
749,periphery
750,periphery
751,periphery
752,periphery
753,periphery
754,periphery
755,periphery
756,periphery
757,periphery
758,periphery
759,periphery
760,periphery
761,periphery
762,periphery
763,periphery
764,periphery
765,periphery
766,periphery
767,periphery
768,periphery
769,periphery
770,periphery
771,periphery
772,periphery
773,periphery
774,periphery
775,periphery
776,periphery
777,periphery
778,periphery
779,periphery
780,periphery
781,periphery
782,periphery
783,periphery
784,periphery
785,periphery
786,periphery
787,periphery
788,periphery
789,periphery
790,periphery
791,periphery
792,periphery
793,periphery
794,periphery
795,periphery
796,periphery
797,periphery
798,periphery
799,periphery
800,periphery
801,periphery
802,periphery
803,periphery
804,periphery
805,periphery
806,periphery
807,periphery
808,periphery
809,periphery
810,periphery
811,periphery
812,periphery
813,periphery
814,periphery
815,periphery
816,periphery
817,periphery
818,periphery
819,periphery
820,periphery
821,periphery
822,periphery
823,periphery
824,periphery
825,periphery
826,periphery
827,periphery
828,periphery
829,periphery
830,periphery
831,periphery
832,periphery
833,periphery
834,periphery
835,periphery
836,periphery
837,periphery
838,periphery
839,periphery
840,periphery
841,periphery
842,periphery
843,periphery
844,periphery
845,periphery
846,periphery
847,periphery
848,periphery
849,periphery
850,periphery
851,periphery
852,periphery
853,periphery
854,periphery
855,periphery
856,periphery
857,periphery
858,periphery
859,periphery
860,periphery
861,periphery
862,periphery
863,periphery
864,periphery
865,periphery
866,periphery
867,periphery
868,periphery
869,periphery
870,periphery
871,periphery
872,periphery
873,periphery
874,periphery
875,periphery
876,periphery
877,periphery
878,periphery
879,periphery
880,periphery
881,periphery
882,periphery
883,periphery
884,periphery
885,periphery
886,periphery
887,periphery
888,periphery
889,periphery
890,periphery
891,periphery
892,periphery
893,periphery
894,periphery
895,periphery
896,periphery
897,periphery
898,periphery
899,periphery
900,periphery
901,periphery
902,periphery
903,periphery
904,periphery
905,periphery
906,periphery
907,periphery
908,periphery
909,periphery
910,periphery
911,periphery
912,periphery
913,periphery
914,periphery
915,periphery
916,periphery
917,periphery
918,periphery
919,periphery
920,periphery
921,periphery
922,periphery
923,periphery
924,periphery
925,periphery
926,periphery
927,periphery
928,periphery
929,periphery
930,periphery
931,periphery
932,periphery
933,periphery
934,periphery
935,periphery
936,periphery
937,periphery
938,periphery
939,periphery
940,periphery
941,periphery
942,periphery
943,periphery
944,periphery
945,periphery
946,periphery
947,periphery
948,periphery
949,periphery
950,periphery
951,periphery
952,periphery
953,periphery
954,periphery
955,periphery
956,periphery
957,periphery
958,periphery
959,periphery
960,periphery
961,periphery
962,periphery
963,periphery
964,periphery
965,periphery
966,periphery
967,periphery
968,periphery
969,periphery
970,periphery
971,periphery
972,periphery
973,periphery
974,periphery
975,periphery
976,periphery
977,periphery
978,periphery
979,periphery
980,periphery
981,periphery
982,periphery
983,periphery
984,periphery
985,periphery
986,periphery
987,periphery
988,periphery
989,periphery
990,periphery
991,periphery
992,periphery
993,periphery
994,periphery
995,periphery
996,periphery
997,periphery
998,periphery
999,periphery
1000,periphery
1001,periphery
1002,periphery
1003,periphery
1004,periphery
1005,periphery
1006,periphery
1007,periphery
1008,periphery
1009,periphery
1010,periphery
1011,periphery
1012,periphery
1013,periphery
1014,periphery
1015,periphery
1016,periphery
1017,periphery
1018,periphery
1019,periphery
1020,periphery
1021,periphery
1022,periphery
1023,periphery
1024,periphery
1025,periphery
1026,periphery
1027,periphery
1028,periphery
1029,periphery
1030,periphery
1031,periphery
1032,periphery
1033,periphery
1034,periphery
1035,periphery
1036,periphery
1037,periphery
1038,periphery
1039,periphery
1040,periphery
1041,periphery
1042,periphery
1043,periphery
1044,periphery
1045,periphery
1046,periphery
1047,periphery
1048,periphery
1049,periphery
1050,periphery
1051,periphery
1052,periphery
1053,periphery
1054,periphery
1055,periphery
1056,periphery
1057,periphery
1058,periphery
1059,periphery
1060,periphery
1061,periphery
1062,periphery
1063,periphery
1064,periphery
1065,periphery
1066,periphery
1067,periphery
1068,periphery
1069,periphery
1070,periphery
1071,periphery
1072,periphery
1073,periphery
1074,periphery
1075,periphery
1076,periphery
1077,periphery
1078,periphery
1079,periphery
1080,periphery
1081,periphery
1082,periphery
1083,periphery
1084,periphery
1085,periphery
1086,periphery
1087,periphery
1088,periphery
1089,periphery
1090,periphery
1091,periphery
1092,periphery
1093,periphery
1094,periphery
1095,periphery
1096,periphery
1097,periphery
1098,periphery
1099,periphery
1100,periphery
1101,periphery
1102,periphery
1103,periphery
1104,periphery
1105,periphery
1106,periphery
1107,periphery
1108,periphery
1109,periphery
1110,periphery
1111,periphery
1112,periphery
1113,periphery
1114,periphery
1115,periphery
1116,periphery
1117,periphery
1118,periphery
1119,periphery
1120,periphery
1121,periphery
1122,periphery
1123,periphery
1124,periphery
1125,periphery
1126,periphery
1127,periphery
1128,periphery
1129,periphery
1130,periphery
1131,periphery
1132,periphery
1133,periphery
1134,periphery
1135,periphery
1136,periphery
1137,periphery
1138,periphery
1139,periphery
1140,periphery
1141,periphery
1142,periphery
1143,periphery
1144,periphery
1145,periphery
1146,periphery
1147,periphery
1148,periphery
1149,periphery
1150,periphery
1151,periphery
1152,periphery
1153,periphery
1154,periphery
1155,periphery
1156,periphery
1157,periphery
1158,periphery
1159,periphery
1160,periphery
1161,periphery
1162,periphery
1163,periphery
1164,periphery
1165,periphery
1166,periphery
1167,periphery
1168,periphery
1169,periphery
1170,periphery
1171,periphery
1172,periphery
1173,periphery
1174,periphery
1175,periphery
1176,periphery
1177,periphery
1178,periphery
1179,periphery
1180,periphery
1181,periphery
1182,periphery
1183,periphery
1184,periphery
1185,periphery
1186,periphery
1187,periphery
1188,periphery
1189,periphery
1190,periphery
1191,periphery
1192,periphery
1193,periphery
1194,periphery
1195,periphery
1196,periphery
1197,periphery
1198,periphery
1199,periphery
1200,periphery
1201,periphery
1202,periphery
1203,periphery
1204,periphery
1205,periphery
1206,periphery
1207,periphery
1208,periphery
1209,periphery
1210,periphery
1211,periphery
1212,periphery
1213,periphery
1214,periphery
1215,periphery
1216,periphery
1217,periphery
1218,periphery
1219,periphery
1220,periphery
1221,periphery
1222,periphery
1223,periphery
1224,periphery
1225,periphery
1226,periphery
1227,periphery
1228,periphery
1229,periphery
1230,periphery
1231,periphery
1232,periphery
1233,periphery
1234,periphery
1235,periphery
1236,periphery
1237,periphery
1238,periphery
1239,periphery
1240,periphery
1241,periphery
1242,periphery
1243,periphery
1244,periphery
1245,periphery
1246,periphery
1247,periphery
1248,periphery
1249,periphery
1250,periphery
1251,periphery
1252,periphery
1253,periphery
1254,periphery
1255,periphery
1256,periphery
1257,periphery
1258,periphery
1259,periphery
1260,periphery
1261,periphery
1262,periphery
1263,periphery
1264,periphery
1265,periphery
1266,periphery
1267,periphery
1268,periphery
1269,periphery
1270,periphery
1271,periphery
1272,periphery
1273,periphery
1274,periphery
1275,periphery
1276,periphery
1277,periphery
1278,periphery
1279,periphery
1280,periphery
1281,periphery
1282,periphery
1283,periphery
1284,periphery
1285,periphery
1286,periphery
1287,periphery
1288,periphery
1289,periphery
1290,periphery
1291,periphery
1292,periphery
1293,periphery
1294,periphery
1295,periphery
1296,periphery
1297,periphery
1298,periphery
1299,periphery
1300,periphery
1301,periphery
1302,periphery
1303,periphery
1304,periphery
1305,periphery
1306,periphery
1307,periphery
1308,periphery
1309,periphery
1310,periphery
1311,periphery
1312,periphery
1313,periphery
1314,periphery
1315,periphery
1316,periphery
1317,periphery
1318,periphery
1319,periphery
1320,periphery
1321,periphery
1322,periphery
1323,periphery
1324,periphery
1325,periphery
1326,periphery
1327,periphery
1328,periphery
1329,periphery
1330,periphery
1331,periphery
1332,periphery
1333,periphery
1334,periphery
1335,periphery
1336,periphery
1337,periphery
1338,periphery
1339,periphery
1340,periphery
1341,periphery
1342,periphery
1343,periphery
1344,periphery
1345,periphery
1346,periphery
1347,periphery
1348,periphery
1349,periphery
1350,periphery
1351,periphery
1352,periphery
1353,periphery
1354,periphery
1355,periphery
1356,periphery
1357,periphery
1358,periphery
1359,periphery
1360,periphery
1361,periphery
1362,periphery
1363,periphery
1364,periphery
1365,periphery
1366,periphery
1367,periphery
1368,periphery
1369,periphery
1370,periphery
1371,periphery
1372,periphery
1373,periphery
1374,periphery
1375,periphery
1376,periphery
1377,periphery
1378,periphery
1379,periphery
1380,periphery
1381,periphery
1382,periphery
1383,periphery
1384,periphery
1385,periphery
1386,periphery
1387,periphery
1388,periphery
1389,periphery
1390,periphery
1391,periphery
1392,periphery
1393,periphery
1394,periphery
1395,periphery
1396,periphery
1397,periphery
1398,periphery
1399,periphery
1400,periphery
1401,periphery
1402,periphery
1403,periphery
1404,periphery
1405,periphery
1406,periphery
1407,periphery
1408,periphery
1409,periphery
1410,periphery
1411,periphery
1412,periphery
1413,periphery
1414,periphery
1415,periphery
1416,periphery
1417,periphery
1418,periphery
1419,periphery
1420,periphery
1421,periphery
1422,periphery
1423,periphery
1424,periphery
1425,periphery
1426,periphery
1427,periphery
1428,periphery
1429,periphery
1430,periphery
1431,periphery
1432,periphery
1433,periphery
1434,periphery
1435,periphery
1436,periphery
1437,periphery
1438,periphery
1439,periphery
1440,periphery
1441,periphery
1442,periphery
1443,periphery
1444,periphery
1445,periphery
1446,periphery
1447,periphery
1448,periphery
1449,periphery
1450,periphery
1451,periphery
1452,periphery
1453,periphery
1454,periphery
1455,periphery
1456,periphery
1457,periphery
1458,periphery
1459,periphery
1460,periphery
1461,periphery
1462,periphery
1463,periphery
1464,periphery
1465,periphery
1466,periphery
1467,periphery
1468,periphery
1469,periphery
1470,periphery
1471,periphery
1472,periphery
1473,periphery
1474,periphery
1475,periphery
1476,periphery
1477,periphery
1478,periphery
1479,periphery
1480,periphery
1481,periphery
1482,periphery
1483,periphery
1484,periphery
1485,periphery
1486,periphery
1487,periphery
1488,periphery
1489,periphery
1490,periphery
1491,periphery
1492,periphery
1493,periphery
1494,periphery
1495,periphery
1496,periphery
1497,periphery
1498,periphery
1499,periphery
1500,periphery
1501,periphery
1502,periphery
1503,periphery
1504,periphery
1505,periphery
1506,periphery
1507,periphery
1508,periphery
1509,periphery
1510,periphery
1511,periphery
1512,periphery
1513,periphery
1514,periphery
1515,periphery
1516,periphery
1517,periphery
1518,periphery
1519,periphery
1520,periphery
1521,periphery
1522,periphery
1523,periphery
1524,periphery
1525,periphery
1526,periphery
1527,periphery
1528,periphery
1529,periphery
1530,periphery
1531,periphery
1532,periphery
1533,periphery
1534,periphery
1535,periphery
1536,periphery
1537,periphery
1538,periphery
1539,periphery
1540,periphery
1541,periphery
1542,periphery
1543,periphery
1544,periphery
1545,periphery
1546,periphery
1547,periphery
1548,periphery
1549,periphery
1550,periphery
1551,periphery
1552,periphery
1553,periphery
1554,periphery
1555,periphery
1556,periphery
1557,periphery
1558,periphery
1559,periphery
1560,periphery
1561,periphery
1562,periphery
1563,periphery
1564,periphery
1565,periphery
1566,periphery
1567,periphery
1568,periphery
1569,periphery
1570,periphery
1571,periphery
1572,periphery
1573,periphery
1574,periphery
1575,periphery
1576,periphery
1577,periphery
1578,periphery
1579,periphery
1580,periphery
1581,periphery
1582,periphery
1583,periphery
1584,periphery
1585,periphery
1586,periphery
1587,periphery
1588,periphery
1589,periphery
1590,periphery
1591,periphery
1592,periphery
1593,periphery
1594,periphery
1595,periphery
1596,periphery
1597,periphery
1598,periphery
1599,periphery
1600,periphery
1601,periphery
1602,periphery
1603,periphery
1604,periphery
1605,periphery
1606,periphery
1607,periphery
1608,periphery
1609,periphery
1610,periphery
1611,periphery
1612,periphery
1613,periphery
1614,periphery
1615,periphery
1616,periphery
1617,periphery
1618,periphery
1619,periphery
1620,periphery
1621,periphery
1622,periphery
1623,periphery
1624,periphery
1625,periphery
1626,periphery
1627,periphery
1628,periphery
1629,periphery
1630,periphery
1631,periphery
1632,periphery
1633,periphery
1634,periphery
1635,periphery
1636,periphery
1637,periphery
1638,periphery
1639,periphery
1640,periphery
1641,periphery
1642,periphery
1643,periphery
1644,periphery
1645,periphery
1646,periphery
1647,periphery
1648,periphery
1649,periphery
1650,periphery
1651,periphery
1652,periphery
1653,periphery
1654,periphery
1655,periphery
1656,periphery
1657,periphery
1658,periphery
1659,periphery
1660,periphery
1661,periphery
1662,periphery
1663,periphery
1664,periphery
1665,periphery
1666,periphery
1667,periphery
1668,periphery
1669,periphery
1670,periphery
1671,periphery
1672,periphery
1673,periphery
1674,periphery
1675,periphery
1676,periphery
1677,periphery
1678,periphery
1679,periphery
1680,periphery
1681,periphery
1682,periphery
1683,periphery
1684,periphery
1685,periphery
1686,periphery
1687,periphery
1688,periphery
1689,periphery
1690,periphery
1691,periphery
1692,periphery
1693,periphery
1694,periphery
1695,periphery
1696,periphery
1697,periphery
1698,periphery
1699,periphery
1700,periphery
1701,periphery
1702,periphery
1703,periphery
1704,periphery
1705,periphery
1706,periphery
1707,periphery
1708,periphery
1709,periphery
1710,periphery
1711,periphery
1712,periphery
1713,periphery
1714,periphery
1715,periphery
1716,periphery
1717,periphery
1718,periphery
1719,periphery
1720,periphery
1721,periphery
1722,periphery
1723,periphery
1724,periphery
1725,periphery
1726,periphery
1727,periphery
1728,periphery
1729,periphery
1730,periphery
1731,periphery
1732,periphery
1733,periphery
1734,periphery
1735,periphery
1736,periphery
1737,periphery
1738,periphery
1739,periphery
1740,periphery
1741,periphery
1742,periphery
1743,periphery
1744,periphery
1745,periphery
1746,periphery
1747,periphery
1748,periphery
1749,periphery
1750,periphery
1751,periphery
1752,periphery
1753,periphery
1754,periphery
1755,periphery
1756,periphery
1757,periphery
1758,periphery
1759,periphery
1760,periphery
1761,periphery
1762,periphery
1763,periphery
1764,periphery
1765,periphery
1766,periphery
1767,periphery
1768,periphery
1769,periphery
1770,periphery
1771,periphery
1772,periphery
1773,periphery
1774,periphery
1775,periphery
1776,periphery
1777,periphery
1778,periphery
1779,periphery
1780,periphery
1781,periphery
1782,periphery
1783,periphery
1784,periphery
1785,periphery
1786,periphery
1787,periphery
1788,periphery
1789,periphery
1790,periphery
1791,periphery
1792,periphery
1793,periphery
1794,periphery
1795,periphery
1796,periphery
1797,periphery
1798,periphery
1799,periphery
1800,periphery
1801,periphery
1802,periphery
1803,periphery
1804,periphery
1805,periphery
1806,periphery
1807,periphery
1808,periphery
1809,periphery
1810,periphery
1811,periphery
1812,periphery
1813,periphery
1814,periphery
1815,periphery
1816,periphery
1817,periphery
1818,periphery
1819,periphery
1820,periphery
1821,periphery
1822,periphery
1823,periphery
1824,periphery
1825,periphery
1826,periphery
1827,periphery
1828,periphery
1829,periphery
1830,periphery
1831,periphery
1832,periphery
1833,periphery
1834,periphery
1835,periphery
1836,periphery
1837,periphery
1838,periphery
1839,periphery
1840,periphery
1841,periphery
1842,periphery
1843,periphery
1844,periphery
1845,periphery
1846,periphery
1847,periphery
1848,periphery
1849,periphery
1850,periphery
1851,periphery
1852,periphery
1853,periphery
1854,periphery
1855,periphery
1856,periphery
1857,periphery
1858,periphery
1859,periphery
1860,periphery
1861,periphery
1862,periphery
1863,periphery
1864,periphery
1865,periphery
1866,periphery
1867,periphery
1868,periphery
1869,periphery
1870,periphery
1871,periphery
1872,periphery
1873,periphery
1874,periphery
1875,periphery
1876,periphery
1877,periphery
1878,periphery
1879,periphery
1880,periphery
1881,periphery
1882,periphery
1883,periphery
1884,periphery
1885,periphery
1886,periphery
1887,periphery
1888,periphery
1889,periphery
1890,periphery
1891,periphery
1892,periphery
1893,periphery
1894,periphery
1895,periphery
1896,periphery
1897,periphery
1898,periphery
1899,periphery
1900,periphery
1901,periphery
1902,periphery
1903,periphery
1904,periphery
1905,periphery
1906,periphery
1907,periphery
1908,periphery
1909,periphery
1910,periphery
1911,periphery
1912,periphery
1913,periphery
1914,periphery
1915,periphery
1916,periphery
1917,periphery
1918,periphery
1919,periphery
1920,periphery
1921,periphery
1922,periphery
1923,periphery
1924,periphery
1925,periphery
1926,periphery
1927,periphery
1928,periphery
1929,periphery
1930,periphery
1931,periphery
1932,periphery
1933,periphery
1934,periphery
1935,periphery
1936,periphery
1937,periphery
1938,periphery
1939,periphery
1940,periphery
1941,periphery
1942,periphery
1943,periphery
1944,periphery
1945,periphery
1946,periphery
1947,periphery
1948,periphery
1949,periphery
1950,periphery
1951,periphery
1952,periphery
1953,periphery
1954,periphery
1955,periphery
1956,periphery
1957,periphery
1958,periphery
1959,periphery
1960,periphery
1961,periphery
1962,periphery
1963,periphery
1964,periphery
1965,periphery
1966,periphery
1967,periphery
1968,periphery
1969,periphery
1970,periphery
1971,periphery
1972,periphery
1973,periphery
1974,periphery
1975,periphery
1976,periphery
1977,periphery
1978,periphery
1979,periphery
1980,periphery
1981,periphery
1982,periphery
1983,periphery
1984,periphery
1985,periphery
1986,periphery
1987,periphery
1988,periphery
1989,periphery
1990,periphery
1991,periphery
1992,periphery
1993,periphery
1994,periphery
1995,periphery
1996,periphery
1997,periphery
1998,periphery
1999,periphery
2000,periphery
2001,periphery
2002,periphery
2003,periphery
2004,periphery
2005,periphery
2006,periphery
2007,periphery
2008,periphery
2009,periphery
2010,periphery
2011,periphery
2012,periphery
2013,periphery
2014,periphery
2015,periphery
2016,periphery
2017,periphery
2018,periphery
2019,periphery
2020,periphery
2021,periphery
2022,periphery
2023,periphery
2024,periphery
2025,periphery
2026,periphery
2027,periphery
2028,periphery
2029,periphery
2030,periphery
2031,periphery
2032,periphery
2033,periphery
2034,periphery
2035,periphery
2036,periphery
2037,periphery
2038,periphery
2039,periphery
2040,periphery
2041,periphery
2042,periphery
2043,periphery
2044,periphery
2045,periphery
2046,periphery
2047,periphery
2048,periphery
2049,periphery
2050,periphery
2051,periphery
2052,periphery
2053,periphery
2054,periphery
2055,periphery
2056,periphery
2057,periphery
2058,periphery
2059,periphery
2060,periphery
2061,periphery
2062,periphery
2063,periphery
2064,periphery
2065,periphery
2066,periphery
2067,periphery
2068,periphery
2069,periphery
2070,periphery
2071,periphery
2072,periphery
2073,periphery
2074,periphery
2075,periphery
2076,periphery
2077,periphery
2078,periphery
2079,periphery
2080,periphery
2081,periphery
2082,periphery
2083,periphery
2084,periphery
2085,periphery
2086,periphery
2087,periphery
2088,periphery
2089,periphery
2090,periphery
2091,periphery
2092,periphery
2093,periphery
2094,periphery
2095,periphery
2096,periphery
2097,periphery
2098,periphery
2099,periphery
2100,periphery
2101,periphery
2102,periphery
2103,periphery
2104,periphery
2105,periphery
2106,periphery
2107,periphery
2108,periphery
2109,periphery
2110,periphery
2111,periphery
2112,periphery
2113,periphery
2114,periphery
2115,periphery
2116,periphery
2117,periphery
2118,periphery
2119,periphery
2120,periphery
2121,periphery
2122,periphery
2123,periphery
2124,periphery
2125,periphery
2126,periphery
2127,periphery
2128,periphery
2129,periphery
2130,periphery
2131,periphery
2132,periphery
2133,periphery
2134,periphery
2135,periphery
2136,periphery
2137,periphery
2138,periphery
2139,periphery
2140,periphery
2141,periphery
2142,periphery
2143,periphery
2144,periphery
2145,periphery
2146,periphery
2147,periphery
2148,periphery
2149,periphery
2150,periphery
2151,periphery
2152,periphery
2153,periphery
2154,periphery
2155,periphery
2156,periphery
2157,periphery
2158,periphery
2159,periphery
2160,periphery
2161,periphery
2162,periphery
2163,periphery
2164,periphery
2165,periphery
2166,periphery
2167,periphery
2168,periphery
2169,periphery
2170,periphery
2171,periphery
2172,periphery
2173,periphery
2174,periphery
2175,periphery
2176,periphery
2177,periphery
2178,periphery
2179,periphery
2180,periphery
2181,periphery
2182,periphery
2183,periphery
2184,periphery
2185,periphery
2186,periphery
2187,periphery
2188,periphery
2189,periphery
2190,periphery
2191,periphery
2192,periphery
2193,periphery
2194,periphery
2195,periphery
2196,periphery
2197,periphery
2198,periphery
2199,periphery
2200,periphery
2201,periphery
2202,periphery
2203,periphery
2204,periphery
2205,periphery
2206,periphery
2207,periphery
2208,periphery
2209,periphery
2210,periphery
2211,periphery
2212,periphery
2213,periphery
2214,periphery
2215,periphery
2216,periphery
2217,periphery
2218,periphery
2219,periphery
2220,periphery
2221,periphery
2222,periphery
2223,periphery
2224,periphery
2225,periphery
2226,periphery
2227,periphery
2228,periphery
2229,periphery
2230,periphery
2231,periphery
2232,periphery
2233,periphery
2234,periphery
2235,periphery
2236,periphery
2237,periphery
2238,periphery
2239,periphery
2240,periphery
2241,periphery
2242,periphery
2243,periphery
2244,periphery
2245,periphery
2246,periphery
2247,periphery
2248,periphery
2249,periphery
2250,periphery
2251,periphery
2252,periphery
2253,periphery
2254,periphery
2255,periphery
2256,periphery
2257,periphery
2258,periphery
2259,periphery
2260,periphery
2261,periphery
2262,periphery
2263,periphery
2264,periphery
2265,periphery
2266,periphery
2267,periphery
2268,periphery
2269,periphery
2270,periphery
2271,periphery
2272,periphery
2273,periphery
2274,periphery
2275,periphery
2276,periphery
2277,periphery
2278,periphery
2279,periphery
2280,periphery
2281,periphery
2282,periphery
2283,periphery
2284,periphery
2285,periphery
2286,periphery
2287,periphery
2288,periphery
2289,periphery
2290,periphery
2291,periphery
2292,periphery
2293,periphery
2294,periphery
2295,periphery
2296,periphery
2297,periphery
2298,periphery
2299,periphery
2300,periphery
2301,periphery
2302,periphery
2303,periphery
2304,periphery
2305,periphery
2306,periphery
2307,periphery
2308,periphery
2309,periphery
2310,periphery
2311,periphery
2312,periphery
2313,periphery
2314,periphery
2315,periphery
2316,periphery
2317,periphery
2318,periphery
2319,periphery
2320,periphery
2321,periphery
2322,periphery
2323,periphery
2324,periphery
2325,periphery
2326,periphery
2327,periphery
2328,periphery
2329,periphery
2330,periphery
2331,periphery
2332,periphery
2333,periphery
2334,periphery
2335,periphery
2336,periphery
2337,periphery
2338,periphery
2339,periphery
2340,periphery
2341,periphery
2342,periphery
2343,periphery
2344,periphery
2345,periphery
2346,periphery
2347,periphery
2348,periphery
2349,periphery
2350,periphery
2351,periphery
2352,periphery
2353,periphery
2354,periphery
2355,periphery
2356,periphery
2357,periphery
2358,periphery
2359,periphery
2360,periphery
2361,periphery
2362,periphery
2363,periphery
2364,periphery
2365,periphery
2366,periphery
2367,periphery
2368,periphery
2369,periphery
2370,periphery
2371,periphery
2372,periphery
2373,periphery
2374,periphery
2375,periphery
2376,periphery
2377,periphery
2378,periphery
2379,periphery
2380,periphery
2381,periphery
2382,periphery
2383,periphery
2384,periphery
2385,periphery
2386,periphery
2387,periphery
2388,periphery
2389,periphery
2390,periphery
2391,periphery
2392,periphery
2393,periphery
2394,periphery
2395,periphery
2396,periphery
2397,periphery
2398,periphery
2399,periphery
2400,periphery
2401,periphery
2402,periphery
2403,periphery
2404,periphery
2405,periphery
2406,periphery
2407,periphery
2408,periphery
2409,periphery
2410,periphery
2411,periphery
2412,periphery
2413,periphery
2414,periphery
2415,periphery
2416,periphery
2417,periphery
2418,periphery
2419,periphery
2420,periphery
2421,periphery
2422,periphery
2423,periphery
2424,periphery
2425,periphery
2426,periphery
2427,periphery
2428,periphery
2429,periphery
2430,periphery
2431,periphery
2432,periphery
2433,periphery
2434,periphery
2435,periphery
2436,periphery
2437,periphery
2438,periphery
2439,periphery
2440,periphery
2441,periphery
2442,periphery
2443,periphery
2444,periphery
2445,periphery
2446,periphery
2447,periphery
2448,periphery
2449,periphery
2450,periphery
2451,periphery
2452,periphery
2453,periphery
2454,periphery
2455,periphery
2456,periphery
2457,periphery
2458,periphery
2459,periphery
2460,periphery
2461,periphery
2462,periphery
2463,periphery
2464,periphery
2465,periphery
2466,periphery
2467,periphery
2468,periphery
2469,periphery
2470,periphery
2471,periphery
2472,periphery
2473,periphery
2474,periphery
2475,periphery
2476,periphery
2477,periphery
2478,periphery
2479,periphery
2480,periphery
2481,periphery
2482,periphery
2483,periphery
2484,periphery
2485,periphery
2486,periphery
2487,periphery
2488,periphery
2489,periphery
2490,periphery
2491,periphery
2492,periphery
2493,periphery
2494,periphery
2495,periphery
2496,periphery
2497,periphery
2498,periphery
2499,periphery
2500,periphery
2501,periphery
2502,periphery
2503,periphery
2504,periphery
2505,periphery
2506,periphery
2507,periphery
2508,periphery
2509,periphery
2510,periphery
2511,periphery
2512,periphery
2513,periphery
2514,periphery
2515,periphery
2516,periphery
2517,periphery
2518,periphery
2519,periphery
2520,periphery
2521,periphery
2522,periphery
2523,periphery
2524,periphery
2525,periphery
2526,periphery
2527,periphery
2528,periphery
2529,periphery
2530,periphery
2531,periphery
2532,periphery
2533,periphery
2534,periphery
2535,periphery
2536,periphery
2537,periphery
2538,periphery
2539,periphery
2540,periphery
2541,periphery
2542,periphery
2543,periphery
2544,periphery
2545,periphery
2546,periphery
2547,periphery
2548,periphery
2549,periphery
2550,periphery
2551,periphery
2552,periphery
2553,periphery
2554,periphery
2555,periphery
2556,periphery
2557,periphery
2558,periphery
2559,periphery
2560,periphery
2561,periphery
2562,periphery
2563,periphery
2564,periphery
2565,periphery
2566,periphery
2567,periphery
2568,periphery
2569,periphery
2570,periphery
2571,periphery
2572,periphery
2573,periphery
2574,periphery
2575,periphery
2576,periphery
2577,periphery
2578,periphery
2579,periphery
2580,periphery
2581,periphery
2582,periphery
2583,periphery
2584,periphery
2585,periphery
2586,periphery
2587,periphery
2588,periphery
2589,periphery
2590,periphery
2591,periphery
2592,periphery
2593,periphery
2594,periphery
2595,periphery
2596,periphery
2597,periphery
2598,periphery
2599,periphery
2600,periphery
2601,periphery
2602,periphery
2603,periphery
2604,periphery
2605,periphery
2606,periphery
2607,periphery
2608,periphery
2609,periphery
2610,periphery
2611,periphery
2612,periphery
2613,periphery
2614,periphery
2615,periphery
2616,periphery
2617,periphery
2618,periphery
2619,periphery
2620,periphery
2621,periphery
2622,periphery
2623,periphery
2624,periphery
2625,periphery
2626,periphery
2627,periphery
2628,periphery
2629,periphery
2630,periphery
2631,periphery
2632,periphery
2633,periphery
2634,periphery
2635,periphery
2636,periphery
2637,periphery
2638,periphery
2639,periphery
2640,periphery
2641,periphery
2642,periphery
2643,periphery
2644,periphery
2645,periphery
2646,periphery
2647,periphery
2648,periphery
2649,periphery
2650,periphery
2651,periphery
2652,periphery
2653,periphery
2654,periphery
2655,periphery
2656,periphery
2657,periphery
2658,periphery
2659,periphery
2660,periphery
2661,periphery
2662,periphery
2663,periphery
2664,periphery
2665,periphery
2666,periphery
2667,periphery
2668,periphery
2669,periphery
2670,periphery
2671,periphery
2672,periphery
2673,periphery
2674,periphery
2675,periphery
2676,periphery
2677,periphery
2678,periphery
2679,periphery
2680,periphery
2681,periphery
2682,periphery
2683,periphery
2684,periphery
2685,periphery
2686,periphery
2687,periphery
2688,periphery
2689,periphery
2690,periphery
2691,periphery
2692,periphery
2693,periphery
2694,periphery
2695,periphery
2696,periphery
2697,periphery
2698,periphery
2699,periphery
2700,periphery
2701,periphery
2702,periphery
2703,periphery
2704,periphery
2705,periphery
2706,periphery
2707,periphery
2708,periphery
2709,periphery
2710,periphery
2711,periphery
2712,periphery
2713,periphery
2714,periphery
2715,periphery
2716,periphery
2717,periphery
2718,periphery
2719,periphery
2720,periphery
2721,periphery
2722,periphery
2723,periphery
2724,periphery
2725,periphery
2726,periphery
2727,periphery
2728,periphery
2729,periphery
2730,periphery
2731,periphery
2732,periphery
2733,periphery
2734,periphery
2735,periphery
2736,periphery
2737,periphery
2738,periphery
2739,periphery
2740,periphery
2741,periphery
2742,periphery
2743,periphery
2744,periphery
2745,periphery
2746,periphery
2747,periphery
2748,periphery
2749,periphery
2750,periphery
2751,periphery
2752,periphery
2753,periphery
2754,periphery
2755,periphery
2756,periphery
2757,periphery
2758,periphery
2759,periphery
2760,periphery
2761,periphery
2762,periphery
2763,periphery
2764,periphery
2765,periphery
2766,periphery
2767,periphery
2768,periphery
2769,periphery
2770,periphery
2771,periphery
2772,periphery
2773,periphery
2774,periphery
2775,periphery
2776,periphery
2777,periphery
2778,periphery
2779,periphery
2780,periphery
2781,periphery
2782,periphery
2783,periphery
2784,periphery
2785,periphery
2786,periphery
2787,periphery
2788,periphery
2789,periphery
2790,periphery
2791,periphery
2792,periphery
2793,periphery
2794,periphery
2795,periphery
2796,periphery
2797,periphery
2798,periphery
2799,periphery
2800,periphery
2801,periphery
2802,periphery
2803,periphery
2804,periphery
2805,periphery
2806,periphery
2807,periphery
2808,periphery
2809,periphery
2810,periphery
2811,periphery
2812,periphery
2813,periphery
2814,periphery
2815,periphery
2816,periphery
2817,periphery
2818,periphery
2819,periphery
2820,periphery
2821,periphery
2822,periphery
2823,periphery
2824,periphery
2825,periphery
2826,periphery
2827,periphery
2828,periphery
2829,periphery
2830,periphery
2831,periphery
2832,periphery
2833,periphery
2834,periphery
2835,periphery
2836,periphery
2837,periphery
2838,periphery
2839,periphery
2840,periphery
2841,periphery
2842,periphery
2843,periphery
2844,periphery
2845,periphery
2846,periphery
2847,periphery
2848,periphery
2849,periphery
2850,periphery
2851,periphery
2852,periphery
2853,periphery
2854,periphery
2855,periphery
2856,periphery
2857,periphery
2858,periphery
2859,periphery
2860,periphery
2861,periphery
2862,periphery
2863,periphery
2864,periphery
2865,periphery
2866,periphery
2867,periphery
2868,periphery
2869,periphery
2870,periphery
2871,periphery
2872,periphery
2873,periphery
2874,periphery
2875,periphery
2876,periphery
2877,periphery
2878,periphery
2879,periphery
2880,periphery
2881,periphery
2882,periphery
2883,periphery
2884,periphery
2885,periphery
2886,periphery
2887,periphery
2888,periphery
2889,periphery
2890,periphery
2891,periphery
2892,periphery
2893,periphery
2894,periphery
2895,periphery
2896,periphery
2897,periphery
2898,periphery
2899,periphery
2900,periphery
2901,periphery
2902,periphery
2903,periphery
2904,periphery
2905,periphery
2906,periphery
2907,periphery
2908,periphery
2909,periphery
2910,periphery
2911,periphery
2912,periphery
2913,periphery
2914,periphery
2915,periphery
2916,periphery
2917,periphery
2918,periphery
2919,periphery
2920,periphery
2921,periphery
2922,periphery
2923,periphery
2924,periphery
2925,periphery
2926,periphery
2927,periphery
2928,periphery
2929,periphery
2930,periphery
2931,periphery
2932,periphery
2933,periphery
2934,periphery
2935,periphery
2936,periphery
2937,periphery
2938,periphery
2939,periphery
2940,periphery
2941,periphery
2942,periphery
2943,periphery
2944,periphery
2945,periphery
2946,periphery
2947,periphery
2948,periphery
2949,periphery
2950,periphery
2951,periphery
2952,periphery
2953,periphery
2954,periphery
2955,periphery
2956,periphery
2957,periphery
2958,periphery
2959,periphery
2960,periphery
2961,periphery
2962,periphery
2963,periphery
2964,periphery
2965,periphery
2966,periphery
2967,periphery
2968,periphery
2969,periphery
2970,periphery
2971,periphery
2972,periphery
2973,periphery
2974,periphery
2975,periphery
2976,periphery
2977,periphery
2978,periphery
2979,periphery
2980,periphery
2981,periphery
2982,periphery
2983,periphery
2984,periphery
2985,periphery
2986,periphery
2987,periphery
2988,periphery
2989,periphery
2990,periphery
2991,periphery
2992,periphery
2993,periphery
2994,periphery
2995,periphery
2996,periphery
2997,periphery
2998,periphery
2999,periphery
3000,periphery
3001,periphery
3002,periphery
3003,periphery
3004,periphery
3005,periphery
3006,periphery
3007,periphery
3008,periphery
3009,periphery
3010,periphery
3011,periphery
3012,periphery
3013,periphery
3014,periphery
3015,periphery
3016,periphery
3017,periphery
3018,periphery
3019,periphery
3020,periphery
3021,periphery
3022,periphery
3023,periphery
3024,periphery
3025,periphery
3026,periphery
3027,periphery
3028,periphery
3029,periphery
3030,periphery
3031,periphery
3032,periphery
3033,periphery
3034,periphery
3035,periphery
3036,periphery
3037,periphery
3038,periphery
3039,periphery
3040,periphery
3041,periphery
3042,periphery
3043,periphery
3044,periphery
3045,periphery
3046,periphery
3047,periphery
3048,periphery
3049,periphery
3050,periphery
3051,periphery
3052,periphery
3053,periphery
3054,periphery
3055,periphery
3056,periphery
3057,periphery
3058,periphery
3059,periphery
3060,periphery
3061,periphery
3062,periphery
3063,periphery
3064,periphery
3065,periphery
3066,periphery
3067,periphery
3068,periphery
3069,periphery
3070,periphery
3071,periphery
3072,periphery
3073,periphery
3074,periphery
3075,periphery
3076,periphery
3077,periphery
3078,periphery
3079,periphery
3080,periphery
3081,periphery
3082,periphery
3083,periphery
3084,periphery
3085,periphery
3086,periphery
3087,periphery
3088,periphery
3089,periphery
3090,periphery
3091,periphery
3092,periphery
3093,periphery
3094,periphery
3095,periphery
3096,periphery
3097,periphery
3098,periphery
3099,periphery
3100,periphery
3101,periphery
3102,periphery
3103,periphery
3104,periphery
3105,periphery
3106,periphery
3107,periphery
3108,periphery
3109,periphery
3110,periphery
3111,periphery
3112,periphery
3113,periphery
3114,periphery
3115,periphery
3116,periphery
3117,periphery
3118,periphery
3119,periphery
3120,periphery
3121,periphery
3122,periphery
3123,periphery
3124,periphery
3125,periphery
3126,periphery
3127,periphery
3128,periphery
3129,periphery
3130,periphery
3131,periphery
3132,periphery
3133,periphery
3134,periphery
3135,periphery
3136,periphery
3137,periphery
3138,periphery
3139,periphery
3140,periphery
3141,periphery
3142,periphery
3143,periphery
3144,periphery
3145,periphery
3146,periphery
3147,periphery
3148,periphery
3149,periphery
3150,periphery
3151,periphery
3152,periphery
3153,periphery
3154,periphery
3155,periphery
3156,periphery
3157,periphery
3158,periphery
3159,periphery
3160,periphery
3161,periphery
3162,periphery
3163,periphery
3164,periphery
3165,periphery
3166,periphery
3167,periphery
3168,periphery
3169,periphery
3170,periphery
3171,periphery
3172,periphery
3173,periphery
3174,periphery
3175,periphery
3176,periphery
3177,periphery
3178,periphery
3179,periphery
3180,periphery
3181,periphery
3182,periphery
3183,periphery
3184,periphery
3185,periphery
3186,periphery
3187,periphery
3188,periphery
3189,periphery
3190,periphery
3191,periphery
3192,periphery
3193,periphery
3194,periphery
3195,periphery
3196,periphery
3197,periphery
3198,periphery
3199,periphery
3200,periphery
3201,periphery
3202,periphery
3203,periphery
3204,periphery
3205,periphery
3206,periphery
3207,periphery
3208,periphery
3209,periphery
3210,periphery
3211,periphery
3212,periphery
3213,periphery
3214,periphery
3215,periphery
3216,periphery
3217,periphery
3218,periphery
3219,periphery
3220,periphery
3221,periphery
3222,periphery
3223,periphery
3224,periphery
3225,periphery
3226,periphery
3227,periphery
3228,periphery
3229,periphery
3230,periphery
3231,periphery
3232,periphery
3233,periphery
3234,periphery
3235,periphery
3236,periphery
3237,periphery
3238,periphery
3239,periphery
3240,periphery
3241,periphery
3242,periphery
3243,periphery
3244,periphery
3245,periphery
3246,periphery
3247,periphery
3248,periphery
3249,periphery
3250,periphery
3251,periphery
3252,periphery
3253,periphery
3254,periphery
3255,periphery
3256,periphery
3257,periphery
3258,periphery
3259,periphery
3260,periphery
3261,periphery
3262,periphery
3263,periphery
3264,periphery
3265,periphery
3266,periphery
3267,periphery
3268,periphery
3269,periphery
3270,periphery
3271,periphery
3272,periphery
3273,periphery
3274,periphery
3275,periphery
3276,periphery
3277,periphery
3278,periphery
3279,periphery
3280,periphery
3281,periphery
3282,periphery
3283,periphery
3284,periphery
3285,periphery
3286,periphery
3287,periphery
3288,periphery
3289,periphery
3290,periphery
3291,periphery
3292,periphery
3293,periphery
3294,periphery
3295,periphery
3296,periphery
3297,periphery
3298,periphery
3299,periphery
3300,periphery
3301,periphery
3302,periphery
3303,periphery
3304,periphery
3305,periphery
3306,periphery
3307,periphery
3308,periphery
3309,periphery
3310,periphery
3311,periphery
3312,periphery
3313,periphery
3314,periphery
3315,periphery
3316,periphery
3317,periphery
3318,periphery
3319,periphery
3320,periphery
3321,periphery
3322,periphery
3323,periphery
3324,periphery
3325,periphery
3326,periphery
3327,periphery
3328,periphery
3329,periphery
3330,periphery
3331,periphery
3332,periphery
3333,periphery
3334,periphery
3335,periphery
3336,periphery
3337,periphery
3338,periphery
3339,periphery
3340,periphery
3341,periphery
3342,periphery
3343,periphery
3344,periphery
3345,periphery
3346,periphery
3347,periphery
3348,periphery
3349,periphery
3350,periphery
3351,periphery
3352,periphery
3353,periphery
3354,periphery
3355,periphery
3356,periphery
3357,periphery
3358,periphery
3359,periphery
3360,periphery
3361,periphery
3362,periphery
3363,periphery
3364,periphery
3365,periphery
3366,periphery
3367,periphery
3368,periphery
3369,periphery
3370,periphery
3371,periphery
3372,periphery
3373,periphery
3374,periphery
3375,periphery
3376,periphery
3377,periphery
3378,periphery
3379,periphery
3380,periphery
3381,periphery
3382,periphery
3383,periphery
3384,periphery
3385,periphery
3386,periphery
3387,periphery
3388,periphery
3389,periphery
3390,periphery
3391,periphery
3392,periphery
3393,periphery
3394,periphery
3395,periphery
3396,periphery
3397,periphery
3398,periphery
3399,periphery
3400,periphery
3401,periphery
3402,periphery
3403,periphery
3404,periphery
3405,periphery
3406,periphery
3407,periphery
3408,periphery
3409,periphery
3410,periphery
3411,periphery
3412,periphery
3413,periphery
3414,periphery
3415,periphery
3416,periphery
3417,periphery
3418,periphery
3419,periphery
3420,periphery
3421,periphery
3422,periphery
3423,periphery
3424,periphery
3425,periphery
3426,periphery
3427,periphery
3428,periphery
3429,periphery
3430,periphery
3431,periphery
3432,periphery
3433,periphery
3434,periphery
3435,periphery
3436,periphery
3437,periphery
3438,periphery
3439,periphery
3440,periphery
3441,periphery
3442,periphery
3443,periphery
3444,periphery
3445,periphery
3446,periphery
3447,periphery
3448,periphery
3449,periphery
3450,periphery
3451,periphery
3452,periphery
3453,periphery
3454,periphery
3455,periphery
3456,periphery
3457,periphery
3458,periphery
3459,periphery
3460,periphery
3461,periphery
3462,periphery
3463,periphery
3464,periphery
3465,periphery
3466,periphery
3467,periphery
3468,periphery
3469,periphery
3470,periphery
3471,periphery
3472,periphery
3473,periphery
3474,periphery
3475,periphery
3476,periphery
3477,periphery
3478,periphery
3479,periphery
3480,periphery
3481,periphery
3482,periphery
3483,periphery
3484,periphery
3485,periphery
3486,periphery
3487,periphery
3488,periphery
3489,periphery
3490,periphery
3491,periphery
3492,periphery
3493,periphery
3494,periphery
3495,periphery
3496,periphery
3497,periphery
3498,periphery
3499,periphery
3500,periphery
3501,periphery
3502,periphery
3503,periphery
3504,periphery
3505,periphery
3506,periphery
3507,periphery
3508,periphery
3509,periphery
3510,periphery
3511,periphery
3512,periphery
3513,periphery
3514,periphery
3515,periphery
3516,periphery
3517,periphery
3518,periphery
3519,periphery
3520,periphery
3521,periphery
3522,periphery
3523,periphery
3524,periphery
3525,periphery
3526,periphery
3527,periphery
3528,periphery
3529,periphery
3530,periphery
3531,periphery
3532,periphery
3533,periphery
3534,periphery
3535,periphery
3536,periphery
3537,periphery
3538,periphery
3539,periphery
3540,periphery
3541,periphery
3542,periphery
3543,periphery
3544,periphery
3545,periphery
3546,periphery
3547,periphery
3548,periphery
3549,periphery
3550,periphery
3551,periphery
3552,periphery
3553,periphery
3554,periphery
3555,periphery
3556,periphery
3557,periphery
3558,periphery
3559,periphery
3560,periphery
3561,periphery
3562,periphery
3563,periphery
3564,periphery
3565,periphery
3566,periphery
3567,periphery
3568,periphery
3569,periphery
3570,periphery
3571,periphery
3572,periphery
3573,periphery
3574,periphery
3575,periphery
3576,periphery
3577,periphery
3578,periphery
3579,periphery
3580,periphery
3581,periphery
3582,periphery
3583,periphery
3584,periphery
3585,periphery
3586,periphery
3587,periphery
3588,periphery
3589,periphery
3590,periphery
3591,periphery
3592,periphery
3593,periphery
3594,periphery
3595,periphery
3596,periphery
3597,periphery
3598,periphery
3599,periphery
3600,periphery
3601,periphery
3602,periphery
3603,periphery
3604,periphery
3605,periphery
3606,periphery
3607,periphery
3608,periphery
3609,periphery
3610,periphery
3611,periphery
3612,periphery
3613,periphery
3614,periphery
3615,periphery
3616,periphery
3617,periphery
3618,periphery
3619,periphery
3620,periphery
3621,periphery
3622,periphery
3623,periphery
3624,periphery
3625,periphery
3626,periphery
3627,periphery
3628,periphery
3629,periphery
3630,periphery
3631,periphery
3632,periphery
3633,periphery
3634,periphery
3635,periphery
3636,periphery
3637,periphery
3638,periphery
3639,periphery
3640,periphery
3641,periphery
3642,periphery
3643,periphery
3644,periphery
3645,periphery
3646,periphery
3647,periphery
3648,periphery
3649,periphery
3650,periphery
3651,periphery
3652,periphery
3653,periphery
3654,periphery
3655,periphery
3656,periphery
3657,periphery
3658,periphery
3659,periphery
3660,periphery
3661,periphery
3662,periphery
3663,periphery
3664,periphery
3665,periphery
3666,periphery
3667,periphery
3668,periphery
3669,periphery
3670,periphery
3671,periphery
3672,periphery
3673,periphery
3674,periphery
3675,periphery
3676,periphery
3677,periphery
3678,periphery
3679,periphery
3680,periphery
3681,periphery
3682,periphery
3683,periphery
3684,periphery
3685,periphery
3686,periphery
3687,periphery
3688,periphery
3689,periphery
3690,periphery
3691,periphery
3692,periphery
3693,periphery
3694,periphery
3695,periphery
3696,periphery
3697,periphery
3698,periphery
3699,periphery
3700,periphery
3701,periphery
3702,periphery
3703,periphery
3704,periphery
3705,periphery
3706,periphery
3707,periphery
3708,periphery
3709,periphery
3710,periphery
3711,periphery
3712,periphery
3713,periphery
3714,periphery
3715,periphery
3716,periphery
3717,periphery
3718,periphery
3719,periphery
3720,periphery
3721,periphery
3722,periphery
3723,periphery
3724,periphery
3725,periphery
3726,periphery
3727,periphery
3728,periphery
3729,periphery
3730,periphery
3731,periphery
3732,periphery
3733,periphery
3734,periphery
3735,periphery
3736,periphery
3737,periphery
3738,periphery
3739,periphery
3740,periphery
3741,periphery
3742,periphery
3743,periphery
3744,periphery
3745,periphery
3746,periphery
3747,periphery
3748,periphery
3749,periphery
3750,periphery
3751,periphery
3752,periphery
3753,periphery
3754,periphery
3755,periphery
3756,periphery
3757,periphery
3758,periphery
3759,periphery
3760,periphery
3761,periphery
3762,periphery
3763,periphery
3764,periphery
3765,periphery
3766,periphery
3767,periphery
3768,periphery
3769,periphery
3770,periphery
3771,periphery
3772,periphery
3773,periphery
3774,periphery
3775,periphery
3776,periphery
3777,periphery
3778,periphery
3779,periphery
3780,periphery
3781,periphery
3782,periphery
3783,periphery
3784,periphery
3785,periphery
3786,periphery
3787,periphery
3788,periphery
3789,periphery
3790,periphery
3791,periphery
3792,periphery
3793,periphery
3794,periphery
3795,periphery
3796,periphery
3797,periphery
3798,periphery
3799,periphery
3800,periphery
3801,periphery
3802,periphery
3803,periphery
3804,periphery
3805,periphery
3806,periphery
3807,periphery
3808,periphery
3809,periphery
3810,periphery
3811,periphery
3812,periphery
3813,periphery
3814,periphery
3815,periphery
3816,periphery
3817,periphery
3818,periphery
3819,periphery
3820,periphery
3821,periphery
3822,periphery
3823,periphery
3824,periphery
3825,periphery
3826,periphery
3827,periphery
3828,periphery
3829,periphery
3830,periphery
3831,periphery
3832,periphery
3833,periphery
3834,periphery
3835,periphery
3836,periphery
3837,periphery
3838,periphery
3839,periphery
3840,periphery
3841,periphery
3842,periphery
3843,periphery
3844,periphery
3845,periphery
3846,periphery
3847,periphery
3848,periphery
3849,periphery
3850,periphery
3851,periphery
3852,periphery
3853,periphery
3854,periphery
3855,periphery
3856,periphery
3857,periphery
3858,periphery
3859,periphery
3860,periphery
3861,periphery
3862,periphery
3863,periphery
3864,periphery
3865,periphery
3866,periphery
3867,periphery
3868,periphery
3869,periphery
3870,periphery
3871,periphery
3872,periphery
3873,periphery
3874,periphery
3875,periphery
3876,periphery
3877,periphery
3878,periphery
3879,periphery
3880,periphery
3881,periphery
3882,periphery
3883,periphery
3884,periphery
3885,periphery
3886,periphery
3887,periphery
3888,periphery
3889,periphery
3890,periphery
3891,periphery
3892,periphery
3893,periphery
3894,periphery
3895,periphery
3896,periphery
3897,periphery
3898,periphery
3899,periphery
3900,periphery
3901,periphery
3902,periphery
3903,periphery
3904,periphery
3905,periphery
3906,periphery
3907,periphery
3908,periphery
3909,periphery
3910,periphery
3911,periphery
3912,periphery
3913,periphery
3914,periphery
3915,periphery
3916,periphery
3917,periphery
3918,periphery
3919,periphery
3920,periphery
3921,periphery
3922,periphery
3923,periphery
3924,periphery
3925,periphery
3926,periphery
3927,periphery
3928,periphery
3929,periphery
3930,periphery
3931,periphery
3932,periphery
3933,periphery
3934,periphery
3935,periphery
3936,periphery
3937,periphery
3938,periphery
3939,periphery
3940,periphery
3941,periphery
3942,periphery
3943,periphery
3944,periphery
3945,periphery
3946,periphery
3947,periphery
3948,periphery
3949,periphery
3950,periphery
3951,periphery
3952,periphery
3953,periphery
3954,periphery
3955,periphery
3956,periphery
3957,periphery
3958,periphery
3959,periphery
3960,periphery
3961,periphery
3962,periphery
3963,periphery
3964,periphery
3965,periphery
3966,periphery
3967,periphery
3968,periphery
3969,periphery
3970,periphery
3971,periphery
3972,periphery
3973,periphery
3974,periphery
3975,periphery
3976,periphery
3977,periphery
3978,periphery
3979,periphery
3980,periphery
3981,periphery
3982,periphery
3983,periphery
3984,periphery
3985,periphery
3986,periphery
3987,periphery
3988,periphery
3989,periphery
3990,periphery
3991,periphery
3992,periphery
3993,periphery
3994,periphery
3995,periphery
3996,periphery
3997,periphery
3998,periphery
3999,periphery
4000,periphery
4001,periphery
4002,periphery
4003,periphery
4004,periphery
4005,periphery
4006,periphery
4007,periphery
4008,periphery
4009,periphery
4010,periphery
4011,periphery
4012,periphery
4013,periphery
4014,periphery
4015,periphery
4016,periphery
4017,periphery
4018,periphery
4019,periphery
4020,periphery
4021,periphery
4022,periphery
4023,periphery
4024,periphery
4025,periphery
4026,periphery
4027,periphery
4028,periphery
4029,periphery
4030,periphery
4031,periphery
4032,periphery
4033,periphery
4034,periphery
4035,periphery
4036,periphery
4037,periphery
4038,periphery
4039,periphery
4040,periphery
4041,periphery
4042,periphery
4043,periphery
4044,periphery
4045,periphery
4046,periphery
4047,periphery
4048,periphery
4049,periphery
4050,periphery
4051,periphery
4052,periphery
4053,periphery
4054,periphery
4055,periphery
4056,periphery
4057,periphery
4058,periphery
4059,periphery
4060,periphery
4061,periphery
4062,periphery
4063,periphery
4064,periphery
4065,periphery
4066,periphery
4067,periphery
4068,periphery
4069,periphery
4070,periphery
4071,periphery
4072,periphery
4073,periphery
4074,periphery
4075,periphery
4076,periphery
4077,periphery
4078,periphery
4079,periphery
4080,periphery
4081,periphery
4082,periphery
4083,periphery
4084,periphery
4085,periphery
4086,periphery
4087,periphery
4088,periphery
4089,periphery
4090,periphery
4091,periphery
4092,periphery
4093,periphery
4094,periphery
4095,periphery
4096,periphery
4097,periphery
4098,periphery
4099,periphery
4100,periphery
4101,periphery
4102,periphery
4103,periphery
4104,periphery
4105,periphery
4106,periphery
4107,periphery
4108,periphery
4109,periphery
4110,periphery
4111,periphery
4112,periphery
4113,periphery
4114,periphery
4115,periphery
4116,periphery
4117,periphery
4118,periphery
4119,periphery
4120,periphery
4121,periphery
4122,periphery
4123,periphery
4124,periphery
4125,periphery
4126,periphery
4127,periphery
4128,periphery
4129,periphery
4130,periphery
4131,periphery
4132,periphery
4133,periphery
4134,periphery
4135,periphery
4136,periphery
4137,periphery
4138,periphery
4139,periphery
4140,periphery
4141,periphery
4142,periphery
4143,periphery
4144,periphery
4145,periphery
4146,periphery
4147,periphery
4148,periphery
4149,periphery
4150,periphery
4151,periphery
4152,periphery
4153,periphery
4154,periphery
4155,periphery
4156,periphery
4157,periphery
4158,periphery
4159,periphery
4160,periphery
4161,periphery
4162,periphery
4163,periphery
4164,periphery
4165,periphery
4166,periphery
4167,periphery
4168,periphery
4169,periphery
4170,periphery
4171,periphery
4172,periphery
4173,periphery
4174,periphery
4175,periphery
4176,periphery
4177,periphery
4178,periphery
4179,periphery
4180,periphery
4181,periphery
4182,periphery
4183,periphery
4184,periphery
4185,periphery
4186,periphery
4187,periphery
4188,periphery
4189,periphery
4190,periphery
4191,periphery
4192,periphery
4193,periphery
4194,periphery
4195,periphery
4196,periphery
4197,periphery
4198,periphery
4199,periphery
4200,periphery
4201,periphery
4202,periphery
4203,periphery
4204,periphery
4205,periphery
4206,periphery
4207,periphery
4208,periphery
4209,periphery
4210,periphery
4211,periphery
4212,periphery
4213,periphery
4214,periphery
4215,periphery
4216,periphery
4217,periphery
4218,periphery
4219,periphery
4220,periphery
4221,periphery
4222,periphery
4223,periphery
4224,periphery
4225,periphery
4226,periphery
4227,periphery
4228,periphery
4229,periphery
4230,periphery
4231,periphery
4232,periphery
4233,periphery
4234,periphery
4235,periphery
4236,periphery
4237,periphery
4238,periphery
4239,periphery
4240,periphery
4241,periphery
4242,periphery
4243,periphery
4244,periphery
4245,periphery
4246,periphery
4247,periphery
4248,periphery
4249,periphery
4250,periphery
4251,periphery
4252,periphery
4253,periphery
4254,periphery
4255,periphery
4256,periphery
4257,periphery
4258,periphery
4259,periphery
4260,periphery
4261,periphery
4262,periphery
4263,periphery
4264,periphery
4265,periphery
4266,periphery
4267,periphery
4268,periphery
4269,periphery
4270,periphery
4271,periphery
4272,periphery
4273,periphery
4274,periphery
4275,periphery
4276,periphery
4277,periphery
4278,periphery
4279,periphery
4280,periphery
4281,periphery
4282,periphery
4283,periphery
4284,periphery
4285,periphery
4286,periphery
4287,periphery
4288,periphery
4289,periphery
4290,periphery
4291,periphery
4292,periphery
4293,periphery
4294,periphery
4295,periphery
4296,periphery
4297,periphery
4298,periphery
4299,periphery
4300,periphery
4301,periphery
4302,periphery
4303,periphery
4304,periphery
4305,periphery
4306,periphery
4307,periphery
4308,periphery
4309,periphery
4310,periphery
4311,periphery
4312,periphery
4313,periphery
4314,periphery
4315,periphery
4316,periphery
4317,periphery
4318,periphery
4319,periphery
4320,periphery
4321,periphery
4322,periphery
4323,periphery
4324,periphery
4325,periphery
4326,periphery
4327,periphery
4328,periphery
4329,periphery
4330,periphery
4331,periphery
4332,periphery
4333,periphery
4334,periphery
4335,periphery
4336,periphery
4337,periphery
4338,periphery
4339,periphery
4340,periphery
4341,periphery
4342,periphery
4343,periphery
4344,periphery
4345,periphery
4346,periphery
4347,periphery
4348,periphery
4349,periphery
4350,periphery
4351,periphery
4352,periphery
4353,periphery
4354,periphery
4355,periphery
4356,periphery
4357,periphery
4358,periphery
4359,periphery
4360,periphery
4361,periphery
4362,periphery
4363,periphery
4364,periphery
4365,periphery
4366,periphery
4367,periphery
4368,periphery
4369,periphery
4370,periphery
4371,periphery
4372,periphery
4373,periphery
4374,periphery
4375,periphery
4376,periphery
4377,periphery
4378,periphery
4379,periphery
4380,periphery
4381,periphery
4382,periphery
4383,periphery
4384,periphery
4385,periphery
4386,periphery
4387,periphery
4388,periphery
4389,periphery
4390,periphery
4391,periphery
4392,periphery
4393,periphery
4394,periphery
4395,periphery
4396,periphery
4397,periphery
4398,periphery
4399,periphery
4400,periphery
4401,periphery
4402,periphery
4403,periphery
4404,periphery
4405,periphery
4406,periphery
4407,periphery
4408,periphery
4409,periphery
4410,periphery
4411,periphery
4412,periphery
4413,periphery
4414,periphery
4415,periphery
4416,periphery
4417,periphery
4418,periphery
4419,periphery
4420,periphery
4421,periphery
4422,periphery
